file,cycle_idx,Pulse Interval,Time to Peak (TTP),Systolic Peak,Diastolic Peak Time,Diastolic Peak,Notch Time,Dicrotic Notch Depth,Systolic Area,Diastolic Area,Area Under Curve,Reflection Index (RI),Stiffness Index (SI),Fall Time,Inflection Point Index,Volume,Systolic Volume Index,Diastolic Volume Index
s12no_pmf_cycles_rows_features,1,69,18.457659632776107,0.9116302017994744,39.136612770622087,0.48443502033149338,38.622853001163044,0.50389362485086386,21.732475155176747,9.6469088126799338,31.193181605670024,0.5505703544091366,22,50,47.849410797478768,28.543938200918223,19.773561773328446,4.5420988286216932
s12no_pmf_cycles_rows_features,2,71.053713346122237,19.5,0.88391393495557724,39.136612770622087,0.49206888579371694,37,0.50609521557853832,21.038024883876968,9.61425356220977,30.573292228819476,0.57531026138177077,20.19018909290217,50,47.849410797478768,27.175971052572674,18.730896224615535,4.5984374811968936
s12no_pmf_cycles_rows_features,3,71.053713346122237,18.457659632776107,0.89047655130423531,39.136612770622087,0.50893131954080184,36.019464156286347,0.52822850621129391,21.99847258166967,10.391677030052037,32.204291656663685,0.59008216976583339,22,51.084817758289944,47.849410797478768,28.790717144794858,19.550686635950292,5.149332690198607
s12no_pmf_cycles_rows_features,4,71.053713346122237,19.5,0.94874998938099109,39.136612770622087,0.50323318721189481,38.622853001163044,0.51539457348373263,21.976047855138745,10.127089094081088,31.917269036571149,0.55346765852189939,20.19018909290217,50,47.849410797478768,30.196136110441934,20.741989702619911,4.9593040662227414
s12no_pmf_cycles_rows_features,5,71.053713346122237,18.457659632776107,0.88783851603889263,39.136612770622087,0.48278592933841652,38.622853001163044,0.49994191833870799,21.082691118975589,9.6827052666331994,30.783936821165504,0.56256374852023217,22,51.084817758289944,57,27.398173237055378,18.854724466208534,4.5435988188911089
s12no_pmf_cycles_rows_features,6,71.053713346122237,19.5,0.88113486614536507,39.136612770622087,0.48312851984637323,36.019464156286347,0.49900452408301865,21.87641662125144,8.6740051351451033,30.530332132711973,0.56696626742021417,20.19018909290217,50,48.849410797478768,27.052206039262291,19.235587815125559,4.1904657193817592
s12no_pmf_cycles_rows_features,7,69,18.457659632776107,0.92582386842999953,39.136612770622087,0.47598946098949807,37,0.49862845305681475,22.396346396069593,8.6501098559809346,31.123750370659064,0.53705721319030009,22,50,47.849410797478768,28.725457741458417,20.625727649598971,4.1167081365794012
s12no_pmf_cycles_rows_features,8,69,18.457659632776107,0.92257468641338847,39.136612770622087,0.46704242742319496,37,0.48246095142465301,22.345611265185109,8.5954955859887221,31.018439118002661,0.52916585574674369,22,50,48.849410797478768,28.526582430127444,20.505689441974795,4.0133528155074014
s12no_pmf_cycles_rows_features,9,72.053713346122237,19.5,0.92106755288370512,42,0.47657336245573473,37,0.49701427561336264,22.340939440110116,8.9449530741255163,31.363327809109432,0.54030494623360259,22,51.084817758289944,57,28.798083659791274,20.467535638137026,4.2608803408854792
s12no_pmf_cycles_rows_features,10,68,18.457659632776107,0.93659679760206549,38.136612770622087,0.46730604000115089,37.642317157449391,0.49048858320698346,21.023871481251707,8.8542665929918432,30.06245559040336,0.52198192377383268,20.19018909290217,49,47.849410797478768,28.123033920489387,19.70711474115258,4.1353012641793043
s12no_pmf_cycles_rows_features,11,67,18.457659632776107,0.9401239642607887,38.136612770622087,0.48853156750826404,37,0.49529948905851084,22.153536340978885,9.32075390182737,31.288055231988245,0.54266326537206422,20.19018909290217,48,57,29.326946362865044,20.718740576200574,4.4231251498043056
s12no_pmf_cycles_rows_features,12,71.053713346122237,18.457659632776107,0.87618328554545788,39.136612770622087,0.50724749451483708,38.622853001163044,0.52473459058185035,22.566084477289987,9.3880515378930021,31.768071639263045,0.59723725164764474,22,51.084817758289944,57,27.90874753454225,19.736879963612289,4.6279583890085787
s12no_pmf_cycles_rows_features,13,69,19.5,0.93660037491223347,39.136612770622087,0.44777907086638707,38.622853001163044,0.46443041283755349,21.306180234425032,8.2553310181783548,29.745714913217746,0.50117969891701664,20.19018909290217,49,47.849410797478768,27.825792114065383,20.036711951971995,3.6955630044472434
s12no_pmf_cycles_rows_features,14,71.053713346122237,18.457659632776107,0.89582557258597106,39.136612770622087,0.48074080282428194,38.622853001163044,0.49649334296524106,22.797083462351381,8.6362405401138496,31.510759297339032,0.55559348539724229,22,51.084817758289944,48.849410797478768,28.302231595478396,20.455647447835869,4.1515914253489976
s12no_pmf_cycles_rows_features,15,73.053713346122237,19.5,0.88173090032755508,43,0.48570392063696893,37,0.51039710134057747,20.934429128088606,10.289940641853496,31.242918559669437,0.56949926290681752,23,52.084817758289944,47.849410797478768,27.618085059125441,18.592061604284218,4.8632900517624629
s12no_pmf_cycles_rows_features,16,69,19.5,0.92905206586710987,39.136612770622087,0.53001717344082455,38.622853001163044,0.54015886273450198,22.63832930118458,10.889697251293917,33.341962176558546,0.5933148082582953,20.19018909290217,49,48.849410797478768,30.891961583718352,20.923718403325708,5.6261224125926033
s12no_pmf_cycles_rows_features,17,69,19.5,0.94367306709958432,39.136612770622087,0.49028427663455437,36.019464156286347,0.5134714747018756,23.079132863185901,9.3480045925950837,32.240914906589971,0.54259041796823659,20.19018909290217,49,48.849410797478768,30.339651445230675,21.673227753270439,4.4523688157855785
s12no_pmf_cycles_rows_features,18,69,18.457659632776107,0.92179687505273866,41,0.53031100787026419,37.642317157449391,0.53813344517131112,21.969815794864608,11.259837121518023,33.043412543729431,0.59806072460778481,22,50,59,30.373399077275874,20.14099826945148,6.309466328897761
s12no_pmf_cycles_rows_features,19,72.053713346122237,18.457659632776107,0.9497681148151873,42,0.47362196901477854,37,0.48276023694833131,22.079846919025229,9.8425092537690837,31.736201313920084,0.52180126361112766,23,52.084817758289944,47.849410797478768,30.056377983112853,20.863285383404094,4.5314481260571862
s12no_pmf_cycles_rows_features,20,68,19.5,0.95435379678012344,38.136612770622087,0.4783440437318332,37,0.50312507929433736,21.150936932673225,8.8700562842368011,30.205310733069844,0.52437732868048348,19.19018909290217,48,59,28.831356796443561,20.272019836616614,4.2414013048483552
s12no_pmf_cycles_rows_features,21,73.053713346122237,19.5,0.90932942824901042,43,0.49103801431199295,37,0.5171605715553198,22.762601401590473,9.7436612471455195,32.320198272816043,0.55907077178768005,23,52.084817758289944,48.849410797478768,29.506342484009011,20.733304779744142,4.6516268616446501
s12no_pmf_cycles_rows_features,22,69,18.457659632776107,0.88898989612671075,41,0.45681022138650884,38.622853001163044,0.46889617041470788,22.164934136874582,7.8329308469399894,29.97777536013,0.53293771853826122,22,50,47.849410797478768,26.797738863212881,19.66722243451196,3.5799534984369528
s12no_pmf_cycles_rows_features,23,68,19.5,0.89388107988491139,38.136612770622087,0.45057849256719334,37,0.46155568463792568,20.653859652234758,8.2936893851812652,29.132026647413028,0.52330272032236802,19.19018909290217,48,48.849410797478768,26.182184442693668,18.597028687449132,3.7359951817693826
s12no_pmf_cycles_rows_features,24,69,19.5,0.89066395489364991,41,0.44110689218310334,38.622853001163044,0.45530474740909849,21.129043526953755,7.987917425580136,29.301177646765812,0.5145362302181633,20.19018909290217,49,46.849410797478768,26.239888861181235,18.956854154230648,3.5232916737497306
s12no_pmf_cycles_rows_features,25,72.053713346122237,19.5,0.89426770606592965,42,0.44549388826697806,37,0.46027201902799991,22.101484227804207,8.1363354107940236,30.217730014913652,0.51745907197640595,22,51.084817758289944,46.849410797478768,27.173685196497818,19.727492974272671,3.6240830536139597
s12no_pmf_cycles_rows_features,26,73.053713346122237,19.5,0.86755086323457731,43,0.49402517255941342,36.019464156286347,0.5161589579295951,21.359969068424093,10.043027874201478,31.421339706550015,0.58773965823666718,23,52.084817758289944,58,27.329790974767338,18.66358309287995,4.8266190853222897
s12no_pmf_cycles_rows_features,27,69,19.5,0.92767057691831512,41,0.43714825929472234,37,0.44602890058299199,22.136540846294285,7.6061589238030001,29.722610146412705,0.49427757834622793,20.19018909290217,49,47.849410797478768,27.536820630943204,20.425706092918031,3.326330582998354
s12no_pmf_cycles_rows_features,28,73.053713346122237,19.5,0.87168029586497953,43,0.4627037443222442,38.622853001163044,0.48607094885497248,21.874103821120539,8.8184287630839524,30.672442960519916,0.54953569533376179,23,52.084817758289944,46.849410797478768,26.886666670958572,19.02569913301809,4.0777726296893544
s12no_pmf_cycles_rows_features,29,68,18.457659632776107,0.96067066442345483,38.136612770622087,0.49639802638815761,38.622853001163044,0.51106130342184963,22.822152315457966,9.8461860682867428,32.482414794255554,0.53988055287303149,20.19018909290217,49,47.849410797478768,31.122088868908662,21.819918824612955,4.753265565541624
s12no_pmf_cycles_rows_features,30,68,17.457659632775467,0.89390902322352361,38.136612770622087,0.57669045072306147,36.019464156286347,0.55354390576488965,21.37721479584544,11.231720896802811,32.627278456572697,0.62602409910268531,22,50,58,29.283353780354435,19.250389351998209,6.3926311691277444
s12no_pmf_cycles_rows_features,31,72.053713346122237,18.457659632776107,0.92084521346068748,42,0.5734533590280031,36.019464156286347,0.55328324378573845,22.278399893999815,11.477094830913916,33.569276872050935,0.6093039637691432,23,52.084817758289944,48.849410797478768,30.827233370650035,20.40481874946369,6.4871714531878553
s12no_pmf_cycles_rows_features,32,68,18.457659632776107,0.88385745314522413,38.136612770622087,0.44230567465353737,38.622853001163044,0.45647185028943149,21.139921476513109,7.7761196699267501,29.100540610399886,0.51957989545082317,20.19018909290217,49,47.849410797478768,25.859985911058626,18.820620272352464,3.4403193706566708
s12no_pmf_cycles_rows_features,33,68,18.457659632776107,0.94000857249474346,38.136612770622087,0.45320132192540297,37,0.4676800627613798,22.226897018248561,7.7893750721465409,29.996353562400316,0.50522808389219687,20.19018909290217,49,45.849410797478768,28.164031914838702,20.785291411122884,3.5318671914255644
s12no_pmf_cycles_rows_features,34,71.053713346122237,19.5,0.92444701484577407,41,0.48704688261352097,37.642317157449391,0.49544481634738025,21.834925686375716,9.5805801506741215,31.229441461129895,0.5497444971238552,20.19018909290217,50,62,28.780388001872872,20.07451460866822,4.5348366068261825
s12no_pmf_cycles_rows_features,35,73.053713346122237,19.5,0.87079360223018354,43,0.46622751776325116,37,0.47590018044497551,20.601590898818909,9.7491352860567719,30.271544030241746,0.55406762024255829,23,52.084817758289944,57,26.506769655130213,18.067010594805787,4.4169424004565672
s12no_pmf_cycles_rows_features,36,72.053713346122237,18.457659632776107,0.9505794891403111,42,0.47157543134102081,37,0.48391899150660811,22.645331287008343,9.264336953643884,31.723603864732276,0.51923392592761475,23,52.084817758289944,47.849410797478768,30.070215836843335,21.4200589020551,4.2418513733357255
s12no_pmf_cycles_rows_features,37,67,18.457659632776107,0.87206190332219824,38.136612770622087,0.46894183287809493,38.622853001163044,0.4726960531265873,20.367960086628674,8.6348879026628396,29.187008123751244,0.55639436454983848,20.19018909290217,48,48.849410797478768,25.590407992227686,17.887805348902738,4.0481127342561818
s12no_pmf_cycles_rows_features,38,69,18.457659632776107,0.89084357957204385,41,0.44340989014504206,38.622853001163044,0.45834028552195921,21.383761026145866,8.0673915599151016,29.635322291830928,0.51700004193673588,22,50,60,26.545706232469783,19.189788543721448,3.5767251243327709
s12no_pmf_cycles_rows_features,39,73.053713346122237,20.5,0.90704763791135123,43,0.57337240185135396,37,0.54989485825709195,22.008296493401076,10.822222835149331,32.644652746061475,0.61390382814341848,22,51.084817758289944,58,29.729399905566378,19.926008897437455,6.1385380817652884
s12no_pmf_cycles_rows_features,40,72.053713346122237,19.5,0.8495667185410245,42,0.46615195840386875,37.642317157449391,0.4830992099893115,20.973930499861712,8.8708490437890042,30.029097059810535,0.56695846285823859,22,51.084817758289944,57,25.65172769967721,17.942570854909647,4.1326385220573396
s12no_pmf_cycles_rows_features,41,71.053713346122237,18.457659632776107,0.89576082232223042,41,0.50133982098738739,37,0.52283361307835152,22.987462937235065,8.9576808571473432,32.022579089256212,0.57841067651429234,22,51.084817758289944,61,28.797162475608481,20.626320353220876,4.4907327268551196
s12no_pmf_cycles_rows_features,42,74.053713346122237,19.5,0.90593371411685142,43,0.49800880254058505,37.642317157449391,0.53005820698123607,22.851112687252886,10.246036759384904,32.911085070717853,0.56866055421786577,23,53.084817758289944,48.849410797478768,29.936551669836753,20.736582089731254,4.9660072287781416
s12no_pmf_cycles_rows_features,43,69,18.457659632776107,0.95193513313573908,41,0.45327535201109398,38.622853001163044,0.4709495577063722,22.762405164867719,7.994566646666593,30.834309147795093,0.49935780805180741,22,50,45.849410797478768,29.264882548754503,21.562606302253556,3.6244558432863179
s12no_pmf_cycles_rows_features,44,71.053713346122237,18.457659632776107,0.94859234041720053,41,0.49931534988389897,38.622853001163044,0.51645683159303712,23.472262968117388,9.2430481482123774,32.529246740409818,0.54943386737912225,22,51.084817758289944,48.849410797478768,30.77293863975412,22.161068900426173,4.4832468004478505
s12no_pmf_cycles_rows_features,45,68,18.457659632776107,0.89413454152040006,38.136612770622087,0.42471789427919626,37,0.43448266392726492,20.665352068661633,7.8895920675723819,28.739412791263121,0.4945144559717633,20.19018909290217,49,47.849410797478768,25.835227547688287,18.612716477029743,3.3497747512603122
s12no_pmf_cycles_rows_features,46,71.053713346122237,18.457659632776107,0.86080886429103032,41,0.45035428037753017,36.019464156286347,0.46245807059872918,21.245771793943021,7.9358073970233836,29.365896707126222,0.54183446582976513,22,51.084817758289944,47.849410797478768,25.415128709466206,18.418193444092783,3.5746919223256466
s12no_pmf_cycles_rows_features,47,74.053713346122237,19.5,0.87075030159519706,43,0.50780274683143167,38.622853001163044,0.52728460387739418,20.721323077159262,11.39104585381302,32.130542551507126,0.6013773839268266,23,53.084817758289944,48.849410797478768,28.054256691186392,18.171381644286175,6.1261286126236802
s12no_pmf_cycles_rows_features,48,72.053713346122237,19.5,0.92814273217788867,42,0.59245982605088088,36.019464156286347,0.57583505512017474,22.569964513542974,11.698840505875891,34.082574419345086,0.62522091947647451,22,51.084817758289944,48.849410797478768,31.550550245628692,20.839433072465788,6.8238096226895726
s12no_pmf_cycles_rows_features,49,74.053713346122237,19.5,0.88859207207645585,43,0.44757721650296195,38.622853001163044,0.47569841822975562,20.695303373168315,8.722786999420828,29.602604654396838,0.52286906241922015,23,53.084817758289944,58,26.4491607346439,18.523317634003224,3.9008197066764878
s12no_pmf_cycles_rows_features,50,71.053713346122237,18.457659632776107,0.85118773352426558,41,0.46117227964565444,37,0.4716483831544338,20.70717146482777,8.6811050196487045,29.57259400063629,0.56015256704388894,22,51.084817758289944,47.849410797478768,25.308285708400174,17.747742171205047,4.0014847704429686
s12no_pmf_cycles_rows_features,51,75.053713346122237,20.5,0.90413053118690168,44,0.51086725026517921,37.642317157449391,0.53654043368783122,21.447491771348648,10.991885479917455,32.457720015190546,0.58381516808163691,23,53.084817758289944,48.849410797478768,29.463243687821645,19.536227860265583,5.472791515444694
s12no_pmf_cycles_rows_features,52,72.053713346122237,18.457659632776107,0.9565291397851523,42,0.50186924189208715,37,0.52925090117229301,23.205153673742313,9.7094254134880913,32.728449509618947,0.54779261385153455,23,52.084817758289944,48.849410797478768,31.222977285556354,22.092140245319012,4.7381681061090921
s12no_pmf_cycles_rows_features,53,73.053713346122237,18.457659632776107,0.92207169571844994,43,0.5230474458506984,37.642317157449391,0.55077381205627995,22.743986643133649,11.053324583841276,33.611444611987984,0.59003278516375912,24,53.084817758289944,48.849410797478768,30.907515559052126,20.862594823061908,6.1220003880473364
s12no_pmf_cycles_rows_features,54,72.053713346122237,19.5,0.85191879728202335,42,0.52226626999026415,38.622853001163044,0.54125718909986165,20.692959797181881,11.089724835747189,31.800856649796213,0.63526589828838009,22,51.084817758289944,60,27.163421662210915,17.750880570575486,6.1323414192395642
s12no_pmf_cycles_rows_features,55,68,17.457659632776107,0.88413076309699778,38.136612770622087,0.43267779807849005,37.642317157449391,0.43766256316505497,21.057857105636014,7.8077066426940958,29.050056494392106,0.50864406759085301,22,50.084817758289944,47.849410797478768,25.822931883438425,18.753228789748238,3.3781875191499369
s12no_pmf_cycles_rows_features,56,72.053713346122237,18.457659632776107,0.93486805491584146,42,0.5758798741468798,37,0.56084148648309329,22.798982946414011,11.430751743685448,34.04350204705549,0.59872281997373622,23,52.084817758289944,57,31.74390199999376,21.206550919987713,6.4898541370027116
s12no_pmf_cycles_rows_features,57,71.053713346122237,19.5,0.8521987094947262,41,0.44708975414070018,37.642317157449391,0.45824927574470281,20.670049484823629,8.055808363636487,28.910175364619931,0.54316775643291915,20.19018909290217,50.084817758289944,48.849410797478768,24.768239556924783,17.737040946864507,3.6015868645278215
s12no_pmf_cycles_rows_features,58,69,18.457659632776107,0.94414011390735331,41,0.58268354748193996,37,0.57646487677610114,23.143171800760726,10.848111724268584,33.805219149109369,0.60033422934263037,22,50.084817758289944,57,31.835094798242402,21.744658585162881,6.2515906989704204
s12no_pmf_cycles_rows_features,59,74.053713346122237,18.457659632776107,0.89956177309065999,43,0.52688084132671376,37,0.55216081698008979,21.790967580581057,11.568240052449189,33.172976796003717,0.60879988759184622,24,54.084817758289944,48.849410797478768,29.963953758267259,19.563097630206812,6.4324554330582995
s12no_pmf_cycles_rows_features,60,75.053713346122237,19.5,0.89302524810464401,44,0.50471727516353515,36.019464156286347,0.52440401815887228,20.779970423930891,11.393366477781026,32.191874728604674,0.58382284904073845,24,54.084817758289944,57,28.861885257092254,18.692779352322578,5.6069892396974348
s12no_pmf_cycles_rows_features,61,73.053713346122237,19.5,0.95582231934552986,43,0.45697152160585153,38.622853001163044,0.4858403293713765,23.12608368966383,8.7104874895929072,31.914006474130531,0.50130912715172038,23,52.084817758289944,47.849410797478768,30.419526779437479,21.999912781420594,3.9779619564618227
s12no_pmf_cycles_rows_features,62,71.053713346122237,19.5,0.95695909390844747,41,0.52836460259421636,37.642317157449391,0.53865807896282591,23.313527173910135,10.85613132921072,33.983594127200909,0.57518432697504329,20.19018909290217,50.084817758289944,48.849410797478768,32.440955769547578,22.206109137413552,5.5908574029328877
s12no_pmf_cycles_rows_features,63,71.053713346122237,19.5,0.84423008836900737,41,0.46269879561230515,37,0.47011988175580127,20.240098214449226,8.6236071522581899,29.048022882867237,0.56627311327904273,20.19018909290217,50.084817758289944,57,24.653750847172301,17.203200043896324,3.9885364679698148
s12no_pmf_cycles_rows_features,64,72.053713346122237,18.457659632776107,0.93260327340965743,42,0.57899160659927085,37,0.56736506582238855,22.781701862786118,11.078345102103592,33.673782311584965,0.60343098524211247,23,52.084817758289944,60,31.320940946249475,21.138517591951423,6.3357562946505182
s12no_pmf_cycles_rows_features,65,71.053713346122237,18.457659632776107,0.84597543105615058,41,0.45180470074152446,38.622853001163044,0.4613373748499619,20.598004868136709,8.1531894896774517,28.935511873973976,0.55242733711365555,22,51.084817758289944,48.849410797478768,24.608674123987054,17.544899833597988,3.6834716894391688
s12no_pmf_cycles_rows_features,66,69,18.457659632776107,0.92927215987625833,41,0.5832219493037234,37.642317157449391,0.56821364537668728,22.946042901306495,10.584353535181007,33.344128245342439,0.61458628527063797,22,50.084817758289944,62,30.901342024574262,21.215345385365197,5.6289701309373594
s12no_pmf_cycles_rows_features,67,75.053713346122237,19.5,0.90281786466549907,44,0.51260850807093694,36.019464156286347,0.54251691086909526,22.189183105980675,11.152037361368839,33.155156091429554,0.5865243967045265,24,54.084817758289944,58,30.056089592865362,20.06180526113997,5.5729258892549662
s12no_pmf_cycles_rows_features,68,73.053713346122237,19.5,0.88051070296536393,43,0.48871484349470223,37.642317157449391,0.51160145581682914,21.430823625504999,10.349002358721146,31.798168748150591,0.57362730610020829,23,52.084817758289944,63,28.073459816481218,19.007444963446265,4.9222977434312893
s12no_pmf_cycles_rows_features,69,72.053713346122237,18.457659632776107,0.9449102167499871,42,0.59453667356050266,37,0.58105610534133012,23.006403183031054,11.419341692324766,34.239507428438387,0.61694606161734578,23,52.084817758289944,48.849410797478768,32.272524368874812,21.63303206743759,6.6934051249199458
s12no_pmf_cycles_rows_features,70,71.053713346122237,18.457659632776107,0.94887363249330692,41,0.52923210821611,37,0.54699376995345173,23.749829799579526,10.139316599504408,33.703082023163986,0.5807364781076324,22,51.084817758289944,59,31.898501069708253,22.431682921381988,5.2242564797188411
s12no_pmf_cycles_rows_features,71,72.053713346122237,19.5,0.87048117387488655,42,0.41543019350613875,37.642317157449391,0.42927626488435339,21.510129811845943,7.3510442212729394,29.04534246023961,0.49646410921080719,22,51.084817758289944,47.849410797478768,25.419417304947011,18.859080889514612,3.0546504981673448
s12no_pmf_cycles_rows_features,72,66,18.457659632776107,0.83997558165616448,37.136612770622087,0.50895653912764793,38.622853001163044,0.51436598767924391,20.364984294559715,9.8285681874430573,30.114606198800288,0.62804338194980625,19.19018909290217,47,60,25.434266091787109,17.221724347938387,4.8657427200480248
s12no_pmf_cycles_rows_features,73,69,18.457659632776107,0.95100778417650267,41,0.56947250672093253,37.642317157449391,0.55178354002873053,24.178112886859967,9.8075958015495281,33.799644312489555,0.58236085985668451,22,50.084817758289944,57,32.062708015376991,22.890833521420106,5.076546764227599
s12no_pmf_cycles_rows_features,74,71.053713346122237,19.5,0.82524226530338385,41,0.46419720734508413,36.019464156286347,0.47530520189885422,20.388625675478099,8.3742080702856168,28.94715126192353,0.58029681771831076,20.19018909290217,50.084817758289944,48.849410797478768,24.01412537004364,16.936789420075147,3.887026940247535
s12no_pmf_cycles_rows_features,75,74.053713346122237,19.5,0.95937500645044949,43,0.49233459005469787,40.583924688590358,0.51446079225568342,23.394165202429555,10.305470082631288,33.513570909140888,0.53634250184053389,23,53.084817758289944,48.849410797478768,32.07137249451101,22.340231376323143,4.9378770294170549
s12no_pmf_cycles_rows_features,76,68,18.457659632776107,0.88710237872346009,38.136612770622087,0.5103623631496188,36.019464156286347,0.52547520654136548,21.828467170002504,9.7807509200369509,31.42335509858037,0.5937923050945475,20.19018909290217,49,65,27.948105800154899,19.323835462135957,4.8551324103927769
s12no_pmf_cycles_rows_features,77,72.053713346122237,19.5,0.9040520241352088,42,0.45012653859322227,38.622853001163044,0.46441106743986998,22.276169831954629,7.8724419275874302,30.128382322720071,0.51730276412444853,22,51.084817758289944,63,27.389851768271861,20.1687049347886,3.5446532551968186
s12no_pmf_cycles_rows_features,78,69,18.457659632776107,0.83297153259211043,41,0.46959239470482877,36.019464156286347,0.48926673504505835,20.10065948468819,8.7798739508252694,29.064676717089622,0.58164821368843878,22,50.084817758289944,60,24.338375641108442,16.854472666805624,4.1211589310631922
s12no_pmf_cycles_rows_features,79,76.053713346122237,18.457659632776107,0.8839112168039337,44,0.49747337788231866,36.019464156286347,0.51720485111806136,20.884618767849808,10.819109915961732,31.722035803731224,0.58136786175538679,25,56.084817758289944,48.849410797478768,28.114024997823513,18.593934182440247,5.2429085950796877
s12no_pmf_cycles_rows_features,80,71.053713346122237,18.457659632776107,0.95130014165890553,41,0.59895856622626731,39.603388844876704,0.57053748731463383,23.095806494482662,12.255122228011766,35.165057403584292,0.61767673405727741,22,51.084817758289944,48.849410797478768,33.374517093146018,21.865975526716113,7.2082528274595044
s12no_pmf_cycles_rows_features,81,76.053713346122237,19.5,0.89236041479530281,44,0.5313934485933941,36.019464156286347,0.55666030351439222,21.47371822164904,11.982172172737043,33.474109973155684,0.61840408161172744,24,55.084817758289944,48.849410797478768,29.995546357890813,19.303738457555635,6.7017724547791175
s12no_pmf_cycles_rows_features,82,75.053713346122237,18.457659632776107,0.90130834249845437,44,0.4959997140191546,37,0.53500199806013771,23.347436751027757,10.380751279023487,33.542123654131309,0.56919381709128603,25,55.084817758289944,48.849410797478768,30.357946275952539,21.081956196234788,5.0119496355647337
s12no_pmf_cycles_rows_features,83,71.053713346122237,18.457659632776107,0.86313558276875768,41,0.40839418670500643,36.019464156286347,0.4232338007430676,20.164508892833997,7.4992717159888924,27.848242902704257,0.49232809437220154,22,51.084817758289944,46.849410797478768,24.161073159276015,17.525867158389122,3.062171886332739
s12no_pmf_cycles_rows_features,84,69,18.457659632776107,0.94851032446904804,41,0.59694178359957228,37,0.58293517377312387,23.857241327559606,11.074834268237176,34.745774770192483,0.61726826138255664,22,50.084817758289944,59,32.877494500575956,22.525130346135235,6.5293864661828529
s12no_pmf_cycles_rows_features,85,75.053713346122237,19.5,0.84828939642459023,44,0.51364891485110675,37,0.54237259006303939,20.378538484642668,12.026239399792448,32.423295029968799,0.62775546529070025,24,54.084817758289944,57,27.580909293362499,17.405245451504666,6.5148178234641483
s12no_pmf_cycles_rows_features,86,72.053713346122237,19.5,0.94087608835519432,42,0.59735132483507791,37,0.57736602291397543,22.566264121318429,12.088664009566411,34.468687506684162,0.62242449749344875,22,51.084817758289944,62,32.350078813813532,21.12470965425242,7.0964734572273045
s12no_pmf_cycles_rows_features,87,72.053713346122237,19.5,0.82026515455382165,42,0.48157614800277299,37,0.50242028123060556,19.881544389876392,10.035224882124277,29.837426032146183,0.60913512234490841,22,51.084817758289944,60,24.606857327677719,16.41349809416419,4.7001491668189033
s12no_pmf_cycles_rows_features,88,75.053713346122237,19.5,0.90641746461410921,44,0.57997126727926951,38.622853001163044,0.56535393005584678,22.362145278158422,12.300241878945858,34.476322781184344,0.6215156573187508,24,54.084817758289944,58,31.384616796825778,20.300315226900246,7.0032869490600831
s12no_pmf_cycles_rows_features,89,71.053713346122237,19.5,0.85949981000711628,41,0.41744211838759454,36.019464156286347,0.42389914663971567,20.093885442845014,7.2321689101163944,27.510371869121222,0.50469077631631853,20.19018909290217,50.084817758289944,46.849410797478768,23.765786366377238,17.39011547116332,3.0205597035952541
s12no_pmf_cycles_rows_features,90,72.053713346122237,18.457659632776107,0.94747310885032066,42,0.60044739421008897,37.642317157449391,0.59454111816430211,22.961787572622708,12.151751434202978,34.927474630905742,0.62159681089128105,23,52.084817758289944,57,33.013892188055074,21.649902344376002,7.1685406363565649
s12no_pmf_cycles_rows_features,91,73.053713346122237,19.5,0.88454508214895788,43,0.49476610814244421,37,0.5260481549920204,22.349225737023517,9.9538000933836361,32.116961454487203,0.57794465123859728,23,52.084817758289944,65,28.521047213839744,19.732807418250456,4.7902138331000499
s12no_pmf_cycles_rows_features,92,73.053713346122237,18.457659632776107,0.94430186527472226,43,0.58234556666287984,37.642317157449391,0.5747035093010735,23.422111548374808,11.656814380151328,34.893066238820197,0.59987956724712188,24,53.084817758289944,57,32.870208939457214,22.012431047013401,6.6846415141818989
s12no_pmf_cycles_rows_features,93,75.053713346122237,19.5,0.95633616323682846,44,0.51877937482252723,37.642317157449391,0.54875925909256718,23.399262236011229,10.653935778317328,33.867133638408603,0.56553896111363766,24,54.084817758289944,48.849410797478768,32.308087727782677,22.273697653569911,5.3846437693901068
s12no_pmf_cycles_rows_features,94,76.053713346122237,19.5,0.85691318733079636,44,0.51209528557050721,37.642317157449391,0.53557717513251157,20.463864459774751,12.203196569423435,32.685239555342733,0.62004327961667194,24,55.084817758289944,58,28.088175161391767,17.657523320141198,6.5861720880750356
s12no_pmf_cycles_rows_features,95,67,18.457659632776107,0.89008437940822127,38.136612770622087,0.40515895622571613,37.642317157449391,0.41482178328942609,19.634296518628616,7.2811461699530842,27.099760204741514,0.4748448279594974,20.19018909290217,48,45.849410797478768,24.244587980288976,17.601244903160278,2.950338822779869
s12no_pmf_cycles_rows_features,96,75.053713346122237,19.5,0.94864284383927466,44,0.49783875027833729,38.622853001163044,0.53053859186836072,23.881099476840888,10.598380005407616,34.29341510632856,0.54785327630012692,24,54.084817758289944,48.849410797478768,32.451999594073484,22.55099108702591,5.1379850593654188
s12no_pmf_cycles_rows_features,97,67,18.457659632776107,0.9514363701730143,38.136612770622087,0.63041791276175341,39.603388844876704,0.60272434405818109,22.870124737267059,12.483250173480382,35.167310534827493,0.6505828503422213,20.19018909290217,48,58,33.381471355287587,21.653922607976281,7.7221837329731509
s12no_pmf_cycles_rows_features,98,75.053713346122237,18.457659632776107,0.95394137118612587,44,0.57806526324204199,37.642317157449391,0.56785180101934496,22.766042744988276,11.787482451745825,34.367623067927724,0.58965136091574233,25,55.084817758289944,57,32.705245478152236,21.611967695984482,6.7055235832535054
s12no_pmf_cycles_rows_features,99,73.053713346122237,19.5,0.94413528194181429,43,0.59524645331920811,37.642317157449391,0.59175742361205863,23.6902396328211,12.09553406282418,35.599965575286241,0.61817350887343891,23,52.084817758289944,59,33.533327816364796,22.262245169952543,7.0752112151800519
s12no_pmf_cycles_rows_features,100,75.053713346122237,20.5,0.91230805020488359,44,0.60720307520436267,38.622853001163044,0.59627376239991303,22.632658495038687,12.4350821789821,34.881676298100835,0.64733030589106733,23,53.084817758289944,60,31.96161765612365,20.681772840127522,7.4094251985419035
s12no_pmf_cycles_rows_features,101,78.053713346122237,19.5,0.89925603122715658,46,0.46500121078036466,37.642317157449391,0.51795142587960741,21.515303143882292,9.7887886525457368,31.32243456035247,0.53626634412241758,26,57.084817758289944,56,28.239753376818641,19.491716726031097,4.4234563063511088
s12no_pmf_cycles_rows_features,102,74.053713346122237,18.457659632776107,0.94319527957296112,43,0.59880506051405225,38.622853001163044,0.59327965751604972,23.178494663342423,12.375184164707827,35.367452809851905,0.62251862261707169,24,54.084817758289944,58,33.279947253449151,21.756083484252578,7.2732027362617542
s12no_pmf_cycles_rows_features,103,74.053713346122237,19.5,0.94277661749220065,43,0.60733009333358479,38.622853001163044,0.59536450283092246,23.642934488726397,11.954041435416352,35.410911548222806,0.63180098889857916,23,53.084817758289944,59,33.306160313339383,22.185210050415535,7.1392270249244314
s12no_pmf_cycles_rows_features,104,77.053713346122237,19.5,0.89590326042330759,45,0.53095274569643425,37,0.57108027794437466,22.605639226914381,12.106989632699603,34.526564483694038,0.61562740539770255,25,56.084817758289944,56,31.066395690287305,20.28428076957216,6.7622349392373859
s12no_pmf_cycles_rows_features,105,69,19.5,0.93767097514525166,25.136612770622087,0.77366519213108997,38.622853001163044,0.44541308264594087,21.000500924535931,7.9890054209201278,29.173726435671369,0.81202886635648508,6.1901890929021688,49,47.849410797478768,27.320277166421498,19.708068811312749,6.3903936518057192
s12no_pmf_cycles_rows_features,106,69,19.5,0.91988318235903865,25.136612770622087,0.78078895535547832,38.622853001163044,0.47067964669708739,21.956291926843829,7.9417396669404479,29.877941970099698,0.83476462432123444,6.1901890929021688,49,57,27.446959008041834,20.08627829773032,6.412979849898683
s12no_pmf_cycles_rows_features,107,68,19.5,0.92795316026136065,25.136612770622087,0.75832510571346168,38.622853001163044,0.44926977630383269,21.220366124990971,7.6430304006784899,29.047882059166991,0.80366555500432646,6.1901890929021688,48,47.849410797478768,26.917691422011774,19.705458202151526,5.5331947946984172
s12no_pmf_cycles_rows_features,108,68,19.5,0.94591272031347429,25.136612770622087,0.7771490507156944,38.622853001163044,0.4673888280365166,21.500809362989873,8.0703639463375136,29.755649975953887,0.80893976879284824,6.1901890929021688,48,47.849410797478768,28.114157980428967,20.422558018115915,6.4782854918601505
s12no_pmf_cycles_rows_features,109,68,19.5,0.93151147003669033,25.136612770622087,0.79117005348341118,38.622853001163044,0.46490630142630562,21.267523119102758,8.1065796721050276,29.558579126221161,0.83590971271993597,6.1901890929021688,48,56,27.498629409682547,19.826108492800198,6.6196889197782163
s12no_pmf_cycles_rows_features,110,75.053713346122237,18.457659632776107,0.95868987351908264,44,0.51805234119387811,37,0.56691214692083713,23.822481086309491,11.150955191637872,34.787480036086798,0.56346902382885389,25,55.084817758289944,56,33.272396588954827,22.735685338546226,5.6320852864285849
s12no_pmf_cycles_rows_features,111,68,19.5,0.95351138624226051,25.136612770622087,0.77930032369604252,38.622853001163044,0.46225261306791549,21.10632387707777,8.4572235413570507,29.748078153976639,0.80502898142033064,6.1901890929021688,48,47.849410797478768,28.368762180641166,20.211302575691239,6.7808976646581396
s12no_pmf_cycles_rows_features,112,68,18.457659632776107,0.95504595486666111,25.136612770622087,0.7765275627886179,37.642317157449391,0.47340271071660017,22.682661974036062,8.1771109661276444,30.93738565693031,0.80089619475907736,7.1901890929021688,49,46.849410797478768,29.459816211579078,21.557419679607818,6.5515856396083327
s12no_pmf_cycles_rows_features,113,69,19.5,0.95375848453910506,25.136612770622087,0.80023618472272529,37,0.46304043983176252,21.879440363586685,8.3116436018691147,30.170874203562196,0.82673050437261952,6.1901890929021688,49,47.849410797478768,28.780331700782874,20.760246547083753,6.8493208107880781
s12no_pmf_cycles_rows_features,114,68,18.457659632776107,0.87280462038717277,25.136612770622087,0.75176943783294825,37,0.459825244371521,21.031061643770204,7.9709261326459142,29.186305292575934,0.83885670008541369,7.1901890929021688,49,47.849410797478768,25.61162131694455,18.487570997469632,6.2008763380048002
s12no_pmf_cycles_rows_features,115,69,19.5,0.95651571057973905,25.136612770622087,0.80228438479919584,39.603388844876704,0.46733784638308229,21.839905423669755,8.2938233854192696,30.113505292202888,0.82658693861111787,6.1901890929021688,49,47.849410797478768,28.809095885139978,20.782968819119841,6.8529687159435397
s12no_pmf_cycles_rows_features,116,74.053713346122237,19.5,0.93544652040814225,43,0.52900075305025918,39.603388844876704,0.55175519386063177,23.349640382169866,11.090012272968242,34.253588279218164,0.58838499483621909,23,53.084817758289944,65,31.960641873857718,21.736113104852819,6.2059446126394633
s12no_pmf_cycles_rows_features,117,68,19.5,0.90478418632297941,25.136612770622087,0.74940111206935756,37,0.43871779916897319,22.10002564175393,7.1967480591537711,29.27668407722313,0.80807996611900312,6.1901890929021688,48,47.849410797478768,26.634206121344619,20.024220989065,5.1487460677601131
s12no_pmf_cycles_rows_features,118,68,19.5,0.90161457361286046,25.136612770622087,0.73368609770924575,36.019464156286347,0.44147355403755267,20.397420550057618,8.1127306738568254,28.694468740074257,0.79350914851859256,6.1901890929021688,48,56,26.010855858349373,18.525777547477794,6.1533034573494225
s12no_pmf_cycles_rows_features,119,74.053713346122237,18.457659632776107,0.94038999007257751,43,0.61727230332076388,38.622853001163044,0.60056924878239326,23.037320512471059,12.988644605072736,35.839759362687879,0.64386271125051719,24,54.084817758289944,58,33.625601465382189,21.55769160860908,7.8510240438438599
s12no_pmf_cycles_rows_features,120,69,18.457659632776107,0.80410457340178665,41,0.44022062822164154,37,0.45557124286668899,19.29239037582726,8.1954801412635252,27.67201521707641,0.56512129480501549,22,50.084817758289944,47.849410797478768,22.361632936244273,15.608393031335508,3.6065002968476163
s12no_pmf_cycles_rows_features,121,74.053713346122237,19.5,0.95450962263434425,43,0.6155345274257864,37.642317157449391,0.60195775537032392,23.31542472612799,12.491094767683816,35.620455117891865,0.63304487274370091,23,53.084817758289944,60,33.923410215340525,22.150554214002671,7.5436073081936827
s12no_pmf_cycles_rows_features,122,67,18.457659632776107,0.90314678420505168,24.136612770620808,0.78666727788858681,37,0.46866510593886129,21.322723583285207,8.6206709538773652,30.127576350592236,0.85034739879310117,6.1901890929021688,48,57,27.36165459159805,19.401074962656807,6.9654447759873834
s12no_pmf_cycles_rows_features,123,67,18.457659632776107,0.90403425551186645,24.136612770622087,0.77147007725957661,36.019464156286347,0.48073870050034528,20.98143516222105,8.4822747318047433,29.648027410185605,0.83289992919354949,6.1901890929021688,48,56,26.950964046310521,19.10883218182261,6.7323076482896349
s12no_pmf_cycles_rows_features,124,74.053713346122237,18.457659632776107,0.88235727081896254,43,0.57073990907833827,37,0.55369964291616891,21.426355686401269,12.045868990974812,33.490392200713892,0.62702175713153707,24,54.084817758289944,66,29.674092649925221,19.04361489154039,6.757031072685348
s12no_pmf_cycles_rows_features,125,68,19.5,0.93428288682536831,25.136612770622087,0.77522261645592705,37,0.46015371969518842,22.849678644503889,7.3454105143190729,30.174999535138387,0.81650696584278781,6.1901890929021688,48,46.849410797478768,28.158382293438411,21.24062116615065,5.4456041015795238
s12no_pmf_cycles_rows_features,126,69,19.5,0.95722885297176186,25.136612770622087,0.81914897526197095,38.622853001163044,0.47500049405355887,22.339874013401964,8.2907389189299785,30.61052330864737,0.84357586745989199,6.1901890929021688,49,56,29.307563727248411,21.278295332490298,6.9918058671472467
s12no_pmf_cycles_rows_features,127,67,18.457659632776107,0.91294578160308082,24.136612770622087,0.78019740890416256,38.622853001163044,0.45996272269316157,20.848678851987817,8.8893432818492819,29.922239834250806,0.83464453998961607,6.1901890929021688,48,46.849410797478768,27.469710320343587,19.176262523720183,7.1073737795105609
s12no_pmf_cycles_rows_features,128,67,18.457659632776107,0.9129859552511812,24.136612770622087,0.79719508603344869,38.622853001163044,0.45304909707067781,21.178875470328528,7.8732233638145948,29.236293182840342,0.85305522803369693,6.1901890929021688,48,47.849410797478768,26.838818649407514,19.481389933660143,6.4928813659451894
s12no_pmf_cycles_rows_features,129,79.053713346122237,19.5,0.8920116210198924,46,0.49133584969312377,37,0.54961365476134372,21.823343443725577,11.141052319568423,32.778010946256131,0.56958738241088247,26,58.084817758289944,57,29.35697461749972,19.426912699903966,5.334237227852018
s12no_pmf_cycles_rows_features,130,75.053713346122237,21.5,0.94508822249302948,44,0.62087336607503496,37,0.60381222292219761,22.510275703507883,12.579250814111044,34.903679523672224,0.6446392781722029,22,52.084817758289944,61,32.90778846453474,21.167180506202648,7.6603152745846597
s12no_pmf_cycles_rows_features,131,72.053713346122237,19.5,0.79444875745616572,42,0.46095856025086596,37,0.47820940814161511,18.820573945799026,9.4613369159002918,28.202573327131404,0.59739005883000207,22,51.084817758289944,47.849410797478768,22.518441424399157,15.040240343797459,4.2352803761151812
s12no_pmf_cycles_rows_features,132,66,18.457659632776107,0.8899471928101087,24.136612770622087,0.74491396461109838,36.019464156286347,0.45592588595177919,20.732693231429071,8.782499583987045,29.699680016397966,0.81586925896190698,6.1901890929021688,47,47.849410797478768,26.576777521159261,18.585379045995783,6.7158203472989744
s12no_pmf_cycles_rows_features,133,67,18.457659632776107,0.95261703096240313,24.136612770622087,0.79604287338513124,36.019464156286347,0.47866647726220368,21.336029078384289,8.5834364254474096,30.103783019991511,0.82328641787458279,6.1901890929021688,48,46.849410797478768,28.681596250704811,20.411468607647784,7.0189638257455176
s12no_pmf_cycles_rows_features,134,66,18.457659632776107,0.90287738243204718,24.136612770622087,0.77378377037997748,37,0.45114816854784501,20.759606691715152,8.8098256707756288,29.753921634361237,0.83645268203124612,6.1901890929021688,47,56,27.012934966106908,18.88202462816081,6.991685228642976
s12no_pmf_cycles_rows_features,135,67,18.457659632776107,0.93243998449446863,24.136612770622087,0.82624628837149394,38.622853001163044,0.47230138212562711,21.483506970377057,8.9224520351681669,30.590184652130798,0.8726429287385824,6.1901890929021688,48,56,28.524579418156094,20.112503501973872,7.5463866721539059
s12no_pmf_cycles_rows_features,136,66,18.457659632776107,0.91254754460671161,24.136612770622087,0.76308403121391055,37,0.46476458076306587,20.596607294583279,8.6221114451423411,29.403036255885436,0.81641073664652586,6.1901890929021688,47,57,26.979490820707969,18.935661130934463,6.7612761970819291
s12no_pmf_cycles_rows_features,137,68,18.457659632776107,0.94270074366214407,25.136612770622087,0.80126357867499909,38.622853001163044,0.51193203155370104,23.033103241261603,9.8492879305589724,32.696326795900632,0.837095403372768,7.1901890929021688,49,56,30.738504843674516,21.607189859109592,7.8248451519294751
s12no_pmf_cycles_rows_features,138,67,18.457659632776107,0.90806243630761785,24.136612770622087,0.78490486545818272,37,0.4390618071808472,20.468550350861531,8.1000538466224601,28.752921713643804,0.84404629091337424,6.1901890929021688,48,56,26.250796783932469,18.724507642950346,6.5635485781262028
s12no_pmf_cycles_rows_features,139,65,17.457659632776107,0.90273951739182245,24.136612770622087,0.7827731316097396,38.622853001163044,0.49595463710394377,21.87169197426612,9.2570521482343153,30.942527703404121,0.84643888474803342,7.1901890929021688,47,56,28.003059408640851,19.706247527648568,7.2076318370655654
s12no_pmf_cycles_rows_features,140,66,18.457659632776107,0.91021504644719819,24.136612770622087,0.77739158386574436,37.642317157449391,0.47170644877074058,21.215985831374049,7.8351840575866039,29.23548740512047,0.83397037314780764,6.1901890929021688,47,46.849410797478768,26.756488773220894,19.455934116044091,6.3074071359759341
s12no_pmf_cycles_rows_features,141,68,18.457659632776107,0.85647342172437424,25.136612770622087,0.72545342031551285,36.019464156286347,0.45806017343165412,20.074172592495909,7.9525029051853711,28.211174708671631,0.82362976700893742,7.1901890929021688,49,47.849410797478768,24.28808551002248,17.311306752127674,5.4906888442081856
s12no_pmf_cycles_rows_features,142,68,20.5,0.95047516149851186,25.136612770622087,0.79980567836574934,37,0.45492189900659918,20.70936842358773,8.4443704796467163,29.338228296281216,0.82901086832612791,5.1901890929021688,47,47.849410797478768,27.853209745475407,19.70361388688254,6.9462359540539067
s12no_pmf_cycles_rows_features,143,73.053713346122237,21.5,0.94848284883506984,43,0.62031268524105965,38.622853001163044,0.58748043292118157,23.148427881062364,12.811583731012686,35.773947236155109,0.64186890246059491,20.19018909290217,50.084817758289944,59,33.853982680821751,21.850628908638715,7.7876329799120079
s12no_pmf_cycles_rows_features,144,73.053713346122237,18.457659632776107,0.95973631917343427,43,0.61290767120170853,38.622853001163044,0.59733947994253267,23.365086129688258,13.323083041707884,36.502311603619134,0.62705883618994396,24,53.084817758289944,56,34.958441566144913,22.320751348325459,7.9859309401201299
s12no_pmf_cycles_rows_features,145,68,20.5,0.95561110968488006,25.136612770622087,0.81083829307198307,37,0.47049866157847708,20.961566327418922,8.908751542890224,30.054822362496669,0.8362664088420696,5.1901890929021688,47,56,28.725460309873476,20.117628362301751,7.3971380719759994
s12no_pmf_cycles_rows_features,146,67,19.5,0.92068646781811248,24.136612770622087,0.80908678762925401,38.622853001163044,0.46946360957320149,21.117785217527938,8.1671718574205965,29.469154729754067,0.86473054714833419,5.1901890929021688,47,56,27.093870976838581,19.454317821558408,6.812833573248839
s12no_pmf_cycles_rows_features,147,67,18.457659632776107,0.8901770787004798,24.136612770622087,0.77692357069439377,38.622853001163044,0.43938794975924439,20.846226755175373,7.3855973778081863,28.416022977992544,0.85128714317886123,6.1901890929021688,48,47.849410797478768,25.430037553609253,18.692248962905534,5.4877537880251133
s12no_pmf_cycles_rows_features,148,66,18.457659632776107,0.93270428134885108,24.136612770622087,0.7759355568887808,38.622853001163044,0.44712181211310831,20.814032063731819,7.9233081106588834,28.921657690550514,0.81859093041691477,6.1901890929021688,47,46.849410797478768,26.938688070207725,19.427887351386875,6.3605235210145752
s12no_pmf_cycles_rows_features,149,77.053713346122237,19.5,0.95092019980077491,45,0.57461870513720448,38.622853001163044,0.57723181175036098,23.172685418630707,11.667628392235416,34.654249434946173,0.58781110110676427,25,56.084817758289944,60,32.874262707666198,21.930432797304263,6.6017387658558899
s12no_pmf_cycles_rows_features,150,66,18.457659632776107,0.95344707703162013,24.136612770622087,0.78670542537362098,37,0.4393484543545686,21.31233829831433,7.8573201835602307,29.353975998034375,0.81282981124264864,6.1901890929021688,47,56,27.956069864074351,20.406798221775791,6.3976105216557242
s12no_pmf_cycles_rows_features,151,67,18.457659632776107,0.95744452899094445,24.136612770622087,0.80976568402816707,38.622853001163044,0.44836946107547909,22.26420999899134,7.5672130264135982,29.811184274257638,0.83361582620389807,6.1901890929021688,48,46.849410797478768,28.547144950500972,21.210527711424643,6.3580451539030234
s12no_pmf_cycles_rows_features,152,67,18.457659632776107,0.94601630255369906,24.136612770622087,0.81308865890724658,37,0.50636110507874132,22.492460617626907,9.3675075106027883,31.673732774159888,0.84675821921986116,6.1901890929021688,48,57,29.877659876134786,21.171279844421573,7.5678494715739086
s12no_pmf_cycles_rows_features,153,66,18.457659632776107,0.9570402594873455,24.136612770622087,0.79856262924143229,39.603388844876704,0.46257296684620092,21.359210577151991,7.9691746871864666,29.512702780498277,0.82227351560308048,6.1901890929021688,47,47.849410797478768,28.21454822855922,20.529460645984351,6.5763135217440176
s12no_pmf_cycles_rows_features,154,74.053713346122237,19.5,0.92894997897673748,43,0.63520652984276316,38.622853001163044,0.61626924527719451,22.69383819228079,14.058738274841494,36.566351781733005,0.67061671927345912,23,53.084817758289944,58,33.890873947808849,20.973082325407024,8.7150456878732037
s12no_pmf_cycles_rows_features,155,68,20.5,0.95319321482738673,25.136612770622087,0.82267946774873713,37,0.46212953520819977,21.458320737860863,8.553343075320246,30.195981329340924,0.85069119015368533,5.1901890929021688,47,57,28.787145697119083,20.540776311284052,7.226265845899051
s12no_pmf_cycles_rows_features,156,67,18.457659632776107,0.87463959756775611,24.136612770622087,0.74958276968418924,37.642317157449391,0.45671732379415458,20.209406683531491,8.3188265470691523,28.712550746760453,0.83470836904005075,6.1901890929021688,48,47.849410797478768,25.247160963380288,17.801085395939232,6.4292993011946677
s12no_pmf_cycles_rows_features,157,67,19.5,0.94738654462869709,24.136612770622087,0.80724773380257164,38.622853001163044,0.48561046991342371,20.828400313367112,9.38336360057313,30.132581759306309,0.83943419756611382,5.1901890929021688,47,56,28.550393195922894,19.751714520352355,7.5263297421193549
s12no_pmf_cycles_rows_features,158,66,18.457659632776107,0.93024370243708909,24.136612770622087,0.80873744229081623,36.019464156286347,0.50825224423712223,21.098280742104699,9.9596457055533261,31.076269211582478,0.85584062933900229,6.1901890929021688,47,57,28.819238649394695,19.640944498546563,7.9816625165159678
s12no_pmf_cycles_rows_features,159,66,18.457659632776107,0.88497908290247129,24.136612770622087,0.76638914483353826,37,0.46952313228535081,20.160384175172965,8.8703729742401851,29.215074665572967,0.84425187837338889,6.1901890929021688,47,56,25.99519588080447,17.969468675230178,6.9697786723723656
s12no_pmf_cycles_rows_features,160,68,20.5,0.95594282126854624,25.136612770622087,0.83124974319659284,37.642317157449391,0.47379326258333687,21.302047383695818,8.9127022618093275,30.399067161664966,0.85729221661783295,5.1901890929021688,47,57,29.065328070451962,20.450908023764626,7.5837424593425151
s12no_pmf_cycles_rows_features,161,75.053713346122237,19.5,0.93374886136200785,44,0.5794543990792993,37,0.57175326456156594,22.645356268813188,12.004327282635332,34.463851854853232,0.60322284280189353,24,54.084817758289944,66,32.099093963326446,21.037129880946551,6.838101562538208
s12no_pmf_cycles_rows_features,162,68,18.457659632776107,0.84714923911091622,25.136612770622087,0.72230100592603486,36.019464156286347,0.4421106502671483,20.434830075942507,7.3411506845115051,27.960298276613827,0.82855057588003478,7.1901890929021688,49,47.849410797478768,23.808426170547801,17.429821385783139,5.0497057949919713
s12no_pmf_cycles_rows_features,163,67,18.457659632776107,0.89609183790039404,24.136612770622087,0.76008039252467174,36.019464156286347,0.43255749843000851,20.264945833054789,7.3756741800375671,27.824937529252168,0.82732381642003028,6.1901890929021688,48,46.849410797478768,25.064644945699055,18.291564935961809,5.3548758253108639
s12no_pmf_cycles_rows_features,164,66,19.5,0.93955499461703684,24.136612770622087,0.79842446887061047,37,0.48382388139657201,20.854080204221489,8.9119720541785803,29.950369774559881,0.83676339886289974,5.1901890929021688,46,56,28.107026973401229,19.610333102825244,7.2879793125436452
s12no_pmf_cycles_rows_features,165,70.053713346122237,19.5,0.86081264814226255,25.136612770622087,0.73776633024513538,37,0.43128981761364771,19.889310513943119,7.7061351483905396,27.779616037507346,0.83385185930980177,6.1901890929021688,49,56,24.03623915850773,17.239062461781106,5.4182851557902723
s12no_pmf_cycles_rows_features,166,67,18.457659632776107,0.83588222755933161,38.136612770622087,0.39870982679198685,38.622853001163044,0.40824210293455598,18.771810903581422,7.4814507081727459,26.437579127913985,0.49580025561332974,20.19018909290217,48,45.849410797478768,22.205261476101512,15.791809547571621,2.9817462898299869
s12no_pmf_cycles_rows_features,167,66,19.5,0.94268108879018386,24.136612770622087,0.81007042308435806,37,0.4591320844357632,21.351680334844055,8.8574410699574528,30.393634042782516,0.8464328870645389,5.1901890929021688,46,57,28.654281590038995,20.211159532662631,7.3508458001756924
s12no_pmf_cycles_rows_features,168,68,18.457659632776107,0.80520556738553195,38.136612770622087,0.42383681548195506,37,0.43300875912128611,18.93884099613102,7.5364536715315573,26.659798969327564,0.54426206440854574,20.19018909290217,49,47.849410797478768,21.568665899219209,15.342286514445435,3.1948041347915788
s12no_pmf_cycles_rows_features,169,67,19.5,0.90552010048640941,24.136612770622087,0.77162435779368199,38.622853001163044,0.44263981158491977,19.988337318321612,8.1952702569110709,28.367925091392507,0.83176998193172358,5.1901890929021688,47,47.849410797478768,25.825265088373293,18.232742816045597,6.5243380692541706
s12no_pmf_cycles_rows_features,170,66,18.457659632776107,0.95548001244996472,24.136612770622087,0.81404264568979134,37,0.50568706208678171,22.452814146959021,9.6581792650503413,31.925127128999684,0.83972225996828487,6.1901890929021688,47,47.849410797478768,30.419214127587846,21.347195935559661,7.8009063154848173
s12no_pmf_cycles_rows_features,171,76.053713346122237,19.5,0.94018251934682473,44,0.6111643412142993,37,0.60385695794345673,23.473050702347837,13.033573918551724,36.320448803401739,0.63751544828706641,24,55.084817758289944,58,34.071126646331422,21.963505663195718,7.7983605873731765
s12no_pmf_cycles_rows_features,172,66,19.5,0.94322175826858345,24.136612770622087,0.81400866196855248,37,0.45063173834176767,21.819746814827699,7.2897867705767609,29.089618456971515,0.85013391669196325,5.1901890929021688,46,46.849410797478768,27.40385715165268,20.472136769690202,6.1764305778757596
s12no_pmf_cycles_rows_features,173,67,18.457659632776107,0.94086204963519371,24.136612770622087,0.8444411015069595,38.622853001163044,0.5028986413273564,22.611312505474757,9.6064770010077805,32.031725130562592,0.88444664388317717,6.1901890929021688,48,58,30.051434097630899,21.166873880876118,8.0474760589482734
s12no_pmf_cycles_rows_features,174,68,19.5,0.86286776780975349,25.136612770622087,0.74218262362631893,37,0.4368716285531401,19.545020031233392,7.8137292558665292,27.543218286790683,0.83703349300318852,6.1901890929021688,48,56,23.88776514446495,16.980569733032738,5.5279666273289614
s12no_pmf_cycles_rows_features,175,65,19.5,0.94351635414777413,24.136612770622087,0.7978309013222129,36.019464156286347,0.45526552838967987,21.292859416343337,7.9422276302006889,29.419404562703843,0.83277296164764458,5.1901890929021688,44.999999999997442,47.849410797478768,27.72436602477773,20.173628013549479,6.5500665573068479
s12no_pmf_cycles_rows_features,176,66,18.457659632776107,0.95982985617181127,24.136612770622087,0.81934507397318157,37,0.45309178636684649,21.737503513309658,8.5398577236703215,30.257481530696946,0.84159074962634317,6.1901890929021688,47,61,29.048094952012356,20.757195584880517,7.186999147774328
s12no_pmf_cycles_rows_features,177,65,18.5,0.89094588429305777,24.136612770622087,0.73429519096045315,38.622853001163044,0.42766536845862457,20.623348040036074,6.9956327983088009,27.803298354505003,0.80319541693762453,6.1901890929021688,46,56,24.900921149164649,18.508044596553095,4.8996627212305084
s12no_pmf_cycles_rows_features,178,72.053713346122237,21.5,0.95881784336419706,26.136612770622087,0.82875636495247296,37,0.4780408003238602,22.182447839150843,9.4183035965070268,31.414562559107846,0.85223449247040861,5.1901890929021688,49,57,30.035494402394313,21.162678450791571,7.7516966975805559
s12no_pmf_cycles_rows_features,179,70.053713346122237,21.5,0.93063601109829064,25.136612770622087,0.8229312287659577,38.622853001163044,0.45194329098038882,20.553615968356084,8.2520740638903902,28.99000754840629,0.87071103179329434,4.1901890929021688,47,56,26.942196352508866,19.141271782246857,6.9932896634930657
s12no_pmf_cycles_rows_features,180,67,19.5,0.86423932150989125,24.136612770622087,0.78499079815094253,38.622853001163044,0.45525011726978742,20.053691192587724,8.3471204137965067,28.584998465055325,0.88482083234269515,5.1901890929021688,47,56,24.835049142312485,17.451751401394315,6.7477209548693828
