Cycle,PS_Peak1,PS_Peak2,PS_Peak3,PS_Peak1/Peak2,PS_Peak2/Peak3,A0_2,A2_5,A0_2/A2_5
Cycle_1,3311.8225397800002,2319.5220155500006,2123.2916123350001,1.3748093515450002,1.2240818312826316,2.15972585608e-28,0,2.15972585608e-19
Cycle_2,3170.3632695199999,2393.7900247100006,2179.4475928050001,1.2796779160550003,1.2298016702026315,3.7584839573200002e-28,0,3.7584839573199999e-19
Cycle_3,3584.4943848200001,3005.2454419016221,2242.970155555,1.418090275865036,1.2300092874626316,9.4523066687900008e-28,0,9.4523066687900003e-19
Cycle_4,4301.5922717046651,3238.2175335816219,2903.1198289858844,1.3310001214150002,1.2093083849226316,3.7584839573200002e-28,0,3.7584839573199999e-19
Cycle_5,4184.2628486246649,2993.065624641622,2658.4393077058844,1.4319200971550361,1.2153902757926316,3.9267742838120001e-29,0,3.9267742838119997e-20
Cycle_6,3447.83071574,2996.7849387316219,2143.8827910949999,1.3535849480350002,1.2719302598026316,3.9267742838120001e-29,0,3.9267742838119997e-20
Cycle_7,3549.0089592099998,2433.1838115700007,2154.019761565,1.4211100857550361,1.2580393752626315,6.17064530311e-29,0,6.1706453031100003e-20
Cycle_8,4226.312925604665,2995.2240404516219,2652.3485330558842,1.4465537153550361,1.2188928337026315,8.1340324449900001e-29,0,8.1340324449899995e-20
Cycle_9,4242.7066886246648,2981.0180400316221,2205.4723376649999,1.4606957584050362,1.2367918973826315,3.9267742838120001e-29,0,3.9267742838119997e-20
Cycle_10,4604.972617104665,3319.1084370316221,2908.0163863158841,1.4130414402750362,1.2370098128526317,5.8621130379100001e-28,0,5.8621130379099994e-19
Cycle_11,2640.48982153,1786.3614909300004,1599.9242385750001,1.4365730861650361,1.2412740608026316,4.7682259160500002e-29,0,4.76822591605e-20
Cycle_12,3202.9144697699999,2110.1707893600005,1891.1384968050002,1.474238618595036,1.2435294427126315,6.6755162824099999e-28,0,6.6755162824100002e-19
Cycle_13,4481.7490574346648,3237.8256750416222,2756.8362327558843,1.411027246765036,1.2694423207826315,8.1340324449900001e-29,0,8.1340324449899995e-20
Cycle_14,4390.7640772646646,3125.119771841622,2875.1935152658843,1.436693591335036,1.0442460156500002,2.5608178007739999e-27,0,2.5608178007740003e-18
Cycle_15,3483.2752667300001,2425.0315800900007,2785.573214945884,1.3828897486550003,1.0191637680200001,9.4523066687900008e-28,0,9.4523066687900003e-19
Cycle_16,4419.2028211246652,3122.8777213316221,2862.9588416358843,1.4480850056650361,1.04811391213,1.37437099932e-28,0,1.37437099932e-19
Cycle_17,4752.8569174146651,3430.135224791622,3070.9983941258843,1.4090153684850362,1.2139219198526316,3.1694678147600002e-28,0,3.1694678147599999e-19
Cycle_18,2981.1588475899998,2305.3018323200004,1987.8307762549998,1.2511309433350002,1.2838793552726315,8.1340324449900001e-29,0,8.1340324449899995e-20
Cycle_19,4221.233294294665,3160.0659243716218,2636.412234075884,1.3407339680650001,1.2928396438426315,5.8621130379100001e-28,0,5.8621130379099994e-19
Cycle_20,3210.1654470200001,2100.8249955200004,2006.6212106449998,1.4834861074350361,1.0481511943700001,1.158398413714e-27,0,1.158398413714e-18
Cycle_21,4402.8866239246645,3034.5017683416222,2693.6796555058841,1.490504448035036,1.2168753382426316,1.37437099932e-28,0,1.37437099932e-19
Cycle_22,3544.3625621800002,2349.7015370200006,2680.9516634458842,1.4667529371750361,1.0311766027900002,1.37437099932e-28,0,1.37437099932e-19
Cycle_23,3453.61327308,2226.4977234600005,2104.5800022950002,1.5053318184750362,1.0585412170500001,5.8621130379100001e-28,0,5.8621130379099994e-19
Cycle_24,4497.1397286546653,3256.2668497616219,3051.2079699458841,1.4071888722250361,1.0266374037300001,1.37437099932e-28,0,1.37437099932e-19
Cycle_25,4824.4604232546653,3490.0419634216219,2997.9549299258842,1.4043627731950361,1.2627999583226315,3.1694678147600002e-28,0,3.1694678147599999e-19
Cycle_26,4712.3594394646652,3614.8219192916222,3258.8206437158842,1.2977806667950003,1.0745798340700001,1.158398413714e-27,0,1.158398413714e-18
Cycle_27,3158.87913454,2021.6857214700003,1868.1487554350001,1.5142885923150362,1.2132023786026316,5.8621130379100001e-28,0,5.8621130379099994e-19
Cycle_28,4902.4618296846647,3529.5354900516222,3192.5857390858841,1.4110390273850362,1.0696492179600001,6.17064530311e-29,0,6.1706453031100003e-20
Cycle_29,4293.7529796846648,3205.4863143216221,2653.2358235358843,1.3440137951450002,1.3033837369026315,4.4035968753699999e-28,0,4.4035968753699993e-19
Cycle_30,4375.9105819946644,3079.732367141622,2881.9177279858841,1.4555703325050362,1.02490679095,1.158398413714e-27,0,1.158398413714e-18
Cycle_31,3306.2118324799999,2125.2012537200003,2032.7382611950002,1.5088647806550362,1.0469521959600001,4.4035968753699999e-28,0,4.4035968753699993e-19
Cycle_32,2486.93879582,2058.5241149900007,1964.6645829150002,1.1744993364650003,1.0486980223100002,8.1340324449900001e-29,0,8.1340324449899995e-20
Cycle_33,5096.2995630546648,3690.2434486516222,3204.5026451058843,1.3820035774150001,1.2527166552026316,3.7584839573200002e-28,0,3.7584839573199999e-19
Cycle_34,3063.1926096100001,1987.8817010500006,1707.5947288150001,1.4944721447650362,1.2846823312826317,6.6755162824099999e-28,0,6.6755162824100002e-19
Cycle_35,3556.0070891400001,2292.6364364300007,2636.4297910458845,1.505643321575036,1.0264346621000002,4.4035968753699999e-28,0,4.4035968753699993e-19
Cycle_36,4931.9496545746651,3479.2967482316221,3225.3945681858841,1.4434845768250362,1.0417902163100001,1.37437099932e-28,0,1.37437099932e-19
Cycle_37,2496.6530557199999,1625.3490919700005,1421.6113823650001,1.487106209445036,1.2622311583226316,1.7390000399599999e-28,0,1.73900003996e-19
Cycle_38,3105.9898134499999,1966.7112380100007,1889.2435804850002,1.5290567732450362,1.0422481427700001,1.06583873417e-28,0,1.06583873417e-19
Cycle_39,2864.1190311800001,1842.1837152500004,1592.9482834150001,1.5058048266750361,1.2763327318726316,5.1048065689e-28,0,5.1048065688999996e-19
Cycle_40,2669.8670530899999,1809.2147368900005,1514.387575165,1.434505721035036,1.3085880330926316,2.6365484476800001e-28,0,2.6365484476799999e-19
Cycle_41,2759.4615036300002,1754.8658893500005,1682.047384855,1.5208801233150362,1.0431537343200001,1.158398413714e-27,0,1.158398413714e-18
Cycle_42,4456.1349007346653,3078.7099091716218,2911.9320300258842,1.485390714525036,1.0134159810200001,3.6462904064e-29,0,3.6462904064e-20
Cycle_43,1952.20993546,1473.9056502300004,1258.9858769950001,1.2819966754450001,1.2826451607526315,2.3911250549400001e-28,0,2.3911250549400002e-19
Cycle_44,1965.67956314,1621.2004179900005,1490.0523398150001,1.1820129045350001,1.2150431317626316,1.37437099932e-28,0,1.37437099932e-19
Cycle_45,2823.4195664499998,2138.1531204800003,1763.678553255,1.2765465820750002,1.3282927680026315,3.6462904064e-29,0,3.6462904064e-20
Cycle_46,1812.1397276299999,1334.7352903000005,1303.5678923850001,1.3113193069150002,1.0236426110900001,1.37437099932e-28,0,1.37437099932e-19
Cycle_47,5250.3985671546652,3662.5631607616219,3307.203168085884,1.4579840294750361,1.0734004918200002,6.17064530311e-29,0,6.1706453031100003e-20
Cycle_48,3028.15198792,3057.2066463416222,2161.445750935,1.1681198942950002,1.2890154210026317,3.1694678147600002e-28,0,3.1694678147599999e-19
Cycle_49,4378.161828864665,2985.4715260716221,2814.5860602458843,1.5093408706250362,1.0150430567600002,3.9267742838120001e-29,0,3.9267742838119997e-20
Cycle_50,5248.0694714946649,3749.0525495916222,3436.5306300558841,1.4195510021950362,1.0578075359800001,1.37437099932e-28,0,1.37437099932e-19
Cycle_51,5233.3766492046652,3812.639002561622,3495.8299043358843,1.3710553361350002,1.0582719063100001,3.9267742838120001e-29,0,3.9267742838119997e-20
Cycle_52,2874.9057581799998,1813.9496728500005,1764.808002175,1.532645504775036,1.0298871671100001,1.06583873417e-28,0,1.06583873417e-19
Cycle_53,4241.8788071546651,2279.9963079100007,2184.698195685,1.555793754635036,1.0458901901900002,3.6462904064e-29,0,3.6462904064e-20
Cycle_54,4745.0510706346649,3272.1905095916218,3110.5980713558843,1.4838606162350361,1.0115198759300001,8.1340324449900001e-29,0,8.1340324449899995e-20
Cycle_55,1560.6198648299999,1142.4937991000006,1009.1903529650001,1.3187066240850001,1.2439969136626317,5.3993146402199994e-29,0,5.3993146402200001e-20
Cycle_56,5209.8737413946646,3851.827388191622,3561.1374095458841,1.3485348400950001,1.0496540839200001,2.15972585608e-28,0,2.15972585608e-19
Cycle_57,4797.2512255746651,3291.8613040316218,3117.5126413858843,1.4914426524450362,1.0158563623200001,3.7584839573200002e-28,0,3.7584839573199999e-19
Cycle_58,5249.1294556046651,3946.5777652816219,3574.4473242558843,1.3227271808850001,1.0734681996300002,1.37437099932e-28,0,1.37437099932e-19
Cycle_59,4875.564043354665,3299.8144303816221,3081.7267780158841,1.5137913032450361,1.0309622201900002,1.158398413714e-27,0,1.158398413714e-18
Cycle_60,3012.40871556,1936.5398352400007,1627.783659445,1.5073347347950361,1.3061249310826315,8.1340324449900001e-29,0,8.1340324449899995e-20
Cycle_61,5175.7552042146654,3622.1127315516219,3393.5494078658844,1.4535968294350361,1.03233263625,8.1340324449900001e-29,0,8.1340324449899995e-20
Cycle_62,4568.7220724246645,3048.3172122816218,2844.6614155058842,1.543925019245036,1.0272825759900002,1.7390000399599999e-28,0,1.73900003996e-19
Cycle_63,3333.7959401399999,2033.4097496300005,1873.002448235,1.5843506033450361,1.2163323393926315,3.6462904064e-29,0,3.6462904064e-20
Cycle_64,4643.0628923746654,3100.6976348316221,2899.6346845458843,1.5409725461650361,1.0260122437100001,1.7390000399599999e-28,0,1.73900003996e-19
Cycle_65,5456.8979481746646,3922.0991512816222,3557.9178895958844,1.4077792172050361,1.0714205840400002,5.1048065689e-28,0,5.1048065688999996e-19
Cycle_66,2818.5525607899999,1927.5652844200004,1570.2123837849999,1.4228899348550361,1.3384793085126316,3.7584839573200002e-28,0,3.7584839573199999e-19
Cycle_67,3387.48609098,2069.0299973800006,1967.4231420649999,1.5826565297750361,1.0521971914700001,3.1694678147600002e-28,0,3.1694678147599999e-19
Cycle_68,5235.5846062646651,3947.248316241622,3649.0396934958844,1.3187201229150001,1.0508534513100001,8.1340324449900001e-29,0,8.1340324449899995e-20
Cycle_69,1488.5395580899999,1080.1524222100004,1027.365154805,1.3289591592850001,1.0437052894900001,8.1340324449900001e-29,0,8.1340324449899995e-20
Cycle_70,4491.5173231346653,2984.6216530116221,2817.3477110858844,1.5526573672450361,1.0136720951100002,6.17064530311e-29,0,6.1706453031100003e-20
Cycle_71,1339.4215595599999,972.48097129000053,868.10114417499994,1.3283026548050001,1.2301297407826315,8.1340324449900001e-29,0,8.1340324449899995e-20
Cycle_72,1517.37720319,1188.5555417100004,1153.630445235,1.2424531517750002,1.0277107057500001,3.6462904064e-29,0,3.6462904064e-20
Cycle_73,1372.51427124,1011.8574291200005,962.58495710500006,1.3109302298250001,1.0424941050100001,8.1340324449900001e-29,0,8.1340324449899995e-20
Cycle_74,2998.42800072,1825.8223822600005,1764.2374591150001,1.5843377281950362,1.0361720382200001,6.17064530311e-29,0,6.1706453031100003e-20
Cycle_75,3596.5966450400001,2160.9355520100007,2007.2114485850002,1.6083589234950362,1.0748979926400002,1.0490097015240001e-27,0,1.0490097015240001e-18
Cycle_76,4455.0275229446652,2396.8024484600005,2771.7333662658843,1.5664775561850361,1.0136613027700001,1.37437099932e-28,0,1.37437099932e-19
Cycle_77,1843.7743730100001,1344.4802296200005,1101.555804655,1.3231847114250002,1.3202289717726317,3.9267742838120001e-29,0,3.9267742838119997e-20
Cycle_78,2396.5912294899999,1483.2761569800005,1285.5244366449999,1.5556130453850361,1.2688025822826317,3.1694678147600002e-28,0,3.1694678147599999e-19
Cycle_79,2665.9308318499998,1621.2099423200004,1554.377159075,1.5832621585450362,1.0420556060700001,4.4035968753699999e-28,0,4.4035968753699993e-19
Cycle_80,1402.8878376,1110.4039469600004,960.95459901499999,1.2321292193950002,1.2617251935526315,3.1694678147600002e-28,0,3.1694678147599999e-19
Cycle_81,2631.13106225,1594.0543625400005,1416.961043305,1.5882873100250361,1.2462592374926316,4.4035968753699999e-28,0,4.4035968753699993e-19
Cycle_82,1341.79263803,1101.3151121900005,995.43302234499993,1.1942604928950002,1.2225011611326315,1.37437099932e-28,0,1.37437099932e-19
Cycle_83,1705.26431714,1103.1318664500004,943.54020535500013,1.4882006768050362,1.2722031202126316,1.37437099932e-28,0,1.37437099932e-19
Cycle_84,5131.2716253046647,4130.9207094516223,3771.7629388758842,1.2250086079750002,1.0664605548400001,2.15972585608e-28,0,2.15972585608e-19
Cycle_85,5704.6583218946653,3985.3355330616218,3696.0498273358844,1.4507559010350362,1.0477931768200002,3.9267742838120001e-29,0,3.9267742838119997e-20
Cycle_86,3476.7992611899999,2077.9040810400006,2022.9246740150002,1.615512129035036,1.0303754337800002,1.37437099932e-28,0,1.37437099932e-19
Cycle_87,3050.8611717200001,1805.1403693000004,1671.723658395,1.6270514393850362,1.2095728620526316,4.7682259160500002e-29,0,4.76822591605e-20
Cycle_88,5623.9682206446651,4009.6084896816219,3780.2496462558843,1.418987218345036,1.03031914299,1.158398413714e-27,0,1.158398413714e-18
Cycle_89,1308.6139210699998,1088.8839190100005,969.63014329499993,1.1805563362350002,1.2354370094226315,1.7390000399599999e-28,0,1.73900003996e-19
Cycle_90,5296.1064704946648,3487.1364769016218,3276.5716000558841,1.5554324433750362,1.0273135323700002,1.37437099932e-28,0,1.37437099932e-19
Cycle_91,4178.2312974846645,2115.5239522800007,1942.0081829350001,1.6408534617250361,1.2201450025426315,3.6462904064e-29,0,3.6462904064e-20
Cycle_92,2817.7433238499998,1922.4617738200004,1523.3398304950001,1.425998029155036,1.3676674898226315,6.17064530311e-29,0,6.1706453031100003e-20
Cycle_93,5721.3065279446646,4065.9073720916222,3802.8803650158843,1.4231985086950361,1.03948453902,3.1694678147600002e-28,0,3.1694678147599999e-19
Cycle_94,5807.5904597746649,4063.7324991816222,3773.5603118158842,1.4472030358650361,1.0472578300200002,2.15972585608e-28,0,2.15972585608e-19
Cycle_95,2695.18208336,2394.0373445400005,2011.2081771349999,1.0966931122650001,1.3117577025326315,3.6462904064e-29,0,3.6462904064e-20
Cycle_96,5879.7464903846649,4229.9803623416219,3846.8314282158844,1.3848782986450001,1.0718722945200001,5.1048065689e-28,0,5.1048065688999996e-19
Cycle_97,1619.8083168999999,1418.6239544700004,1381.089210865,1.1225398221250003,1.0270376895100002,8.1340324449900001e-29,0,8.1340324449899995e-20
Cycle_98,1438.66723314,960.04031073000056,800.53857139499996,1.445954164815036,1.2898912521826316,4.7682259160500002e-29,0,4.76822591605e-20
Cycle_99,4583.1567379946646,3941.4017233316222,3334.0987740058845,1.1399055913050002,1.2868155064226316,5.8621130379100001e-28,0,5.8621130379099994e-19
Cycle_100,2612.5741315,1878.7346962400006,1474.6240868249999,1.3403741443250001,1.3770078203826315,6.6755162824099999e-28,0,6.6755162824100002e-19
Cycle_101,5802.3005593446651,4183.7088824916218,3899.8887824458843,1.3819903875750001,1.0443393576700002,1.37437099932e-28,0,1.37437099932e-19
Cycle_102,5860.0538399146653,4339.4501485716219,3898.6565788558842,1.3407407184150002,1.2206836105726315,8.1340324449900001e-29,0,8.1340324449899995e-20
Cycle_103,5767.5817695646647,4080.7528377116219,3850.1538549558841,1.429793251925036,1.0302987790300002,8.1340324449900001e-29,0,8.1340324449899995e-20
Cycle_104,1380.5970373999999,1184.6119624100006,1141.211006755,1.1476593130250001,1.0340978849800002,1.06583873417e-28,0,1.06583873417e-19
Cycle_105,2095.15583707,1632.6412338100006,1297.365287695,1.2448218908250002,1.3586348735926315,6.6755162824099999e-28,0,6.6755162824100002e-19
Cycle_106,4557.1370383246649,3895.268959391622,3242.4972066558844,1.1480057305850002,1.3058587581526315,8.1340324449900001e-29,0,8.1340324449899995e-20
Cycle_107,4906.8164258646648,4143.6663412516218,3543.1840895058845,1.1617718061650002,1.2760260041526315,2.15972585608e-28,0,2.15972585608e-19
Cycle_108,2469.63821233,1777.3628961500006,1390.977418385,1.3393080689250001,1.3780182494326316,5.1048065689e-28,0,5.1048065688999996e-19
Cycle_109,5895.5618153146652,4233.9385880716218,3945.3331817158842,1.4052057495450361,1.0452130540200002,4.7682259160500002e-29,0,4.76822591605e-20
Cycle_110,5046.6685662246646,3232.8378634716219,3059.3725466658843,1.6086240934450362,1.0156376844200001,3.7584839573200002e-28,0,3.7584839573199999e-19
Cycle_111,5819.255219294665,4117.4225919816217,3909.2884341258841,1.4292916024050362,1.0239838269600001,8.1340324449900001e-29,0,8.1340324449899995e-20
Cycle_112,5933.3358917046653,4317.9536340316226,3984.7400580558842,1.3666553398950001,1.05657616721,1.37437099932e-28,0,1.37437099932e-19
Cycle_113,5746.7945765146651,3918.7261034016219,3749.9399099958841,1.4900830908350362,1.0135305900700002,9.4523066687900008e-28,0,9.4523066687900003e-19
Cycle_114,5896.0798143146649,4206.9048376816227,3965.8926820758843,1.4153742100250362,1.0324725135500001,4.4035968753699999e-28,0,4.4035968753699993e-19
Cycle_115,5230.7185160246645,4308.2340008416222,3947.8194838458844,1.1931717443250001,1.0642287921400002,1.37437099932e-28,0,1.37437099932e-19
Cycle_116,1205.8764755099999,1061.3421275500004,987.83424908500001,1.1261468923350002,1.0619549573400002,8.1340324449900001e-29,0,8.1340324449899995e-20
Cycle_117,5588.6969565846648,4326.9870837816215,4093.8812232958844,1.2770638479650001,1.02976970429,5.8621130379100001e-28,0,5.8621130379099994e-19
Cycle_118,6223.5616212546647,4319.1666813016218,3864.4237733958844,1.4568393193450362,1.2251616088226316,2.15972585608e-28,0,2.15972585608e-19
Cycle_119,5999.9692432446645,4224.5080704616221,3982.8314263558841,1.4355509041450361,1.0325537817100001,1.37437099932e-28,0,1.37437099932e-19
Cycle_120,5885.7388806846648,4257.6756955716219,4059.5990867558844,1.376278259515,1.0209112802700002,1.37437099932e-28,0,1.37437099932e-19
Cycle_121,1110.7939201499998,928.37027667000052,779.00704319400006,1.1801223753050001,1.2828318989826315,8.1340324449900001e-29,0,8.1340324449899995e-20
Cycle_122,2926.9519299099998,1705.2074606700005,1692.091127505,1.6489344050150361,1.0117197053900002,1.158398413714e-27,0,1.158398413714e-18
Cycle_123,6159.3789645946645,4329.328313221622,4036.2833079658844,1.436973233325036,1.0455690165400002,7.5450163023900005e-28,0,7.5450163023899994e-19
Cycle_124,2503.48965572,1793.8871223200006,1375.2771962750001,1.3447692430850002,1.4005428542326315,1.7390000399599999e-28,0,1.73900003996e-19
Cycle_125,6081.9247859946645,4287.7546782916215,4097.3158939458845,1.432816020765036,1.0188731049500002,2.15972585608e-28,0,2.15972585608e-19
Cycle_126,1744.31026124,1402.6886813700005,1097.2623352749999,1.2116141962750002,1.3683447007226315,6.17064530311e-29,0,6.1706453031100003e-20
Cycle_127,1512.79110324,1289.9576092100006,1035.6209718750001,1.1517758478350002,1.3385232488726315,6.17064530311e-29,0,6.1706453031100003e-20
Cycle_128,6069.4017401346646,4128.7587593316221,3965.8728462258841,1.4909045674650361,1.0118585417400001,3.6462904064e-29,0,3.6462904064e-20
Cycle_129,2117.9437018200001,1584.3207171300005,1211.201954225,1.2925024110050001,1.3979711320626316,2.15972585608e-28,0,2.15972585608e-19
Cycle_130,3096.97484437,1741.0047494700004,1607.4414238249999,1.7054122639550362,1.2119041925626315,4.7682259160500002e-29,0,4.76822591605e-20
Cycle_131,1428.9292047199999,1331.4272517500006,1104.192934185,1.0647656836550001,1.3080076671526315,3.4569637891100004e-28,0,3.45696378911e-19
Cycle_132,1391.14740308,1365.9322229800005,1269.378617005,1.0162434712850001,1.0679029205800001,6.17064530311e-29,0,6.1706453031100003e-20
Cycle_133,2853.5369025199998,2430.4812266400004,1891.4194555150002,1.1409456266350002,1.3952808948226316,8.1340324449900001e-29,0,8.1340324449899995e-20
Cycle_134,5883.5220708046645,4719.1506460816217,4268.8492867558843,1.2256838176750002,1.2162223219326316,2.15972585608e-28,0,2.15972585608e-19
Cycle_135,2642.2402288499998,1976.9383496900005,1490.703149965,1.2914379532750002,1.4229121595426315,4.7682259160500002e-29,0,4.76822591605e-20
Cycle_136,2780.2380793399998,1991.2647435700005,1498.360236145,1.3455385070150001,1.4255621416126316,1.37437099932e-28,0,1.37437099932e-19
Cycle_137,5941.6333202246651,4754.1489645416223,4295.4825018758838,1.2287418923750002,1.2177968152426315,8.1340324449900001e-29,0,8.1340324449899995e-20
Cycle_138,6389.4136190846648,4620.3387082816225,4350.2019020058842,1.3732083066150003,1.0375195914100002,7.5450163023900005e-28,0,7.5450163023899994e-19
Cycle_139,3362.4241128799999,2433.3914318300003,1832.1052167450002,1.3325407425950002,1.4328671265926316,1.37437099932e-28,0,1.37437099932e-19
Cycle_140,6333.3059149146648,4528.1456813916211,4342.8710201158838,1.4088281691550362,1.0171997914500002,3.6462904064e-29,0,3.6462904064e-20
Cycle_141,2497.5270961900001,1911.5269384800004,1437.6788844350001,1.2644799610950002,1.4243098349926315,1.7390000399599999e-28,0,1.73900003996e-19
Cycle_142,1383.5686075399999,1379.4027389900004,1216.665555435,1.0024015910750002,1.2502972247426316,8.1340324449900001e-29,0,8.1340324449899995e-20
Cycle_143,6672.1271396246648,4618.8632755116214,4232.8461956458841,1.4574566164450362,1.0668356469100002,8.1340324449900001e-29,0,8.1340324449899995e-20
Cycle_144,1323.56771824,1318.8900034600006,1244.7366392250001,1.0047712594050002,1.0535322173400001,2.6365484476800001e-28,0,2.6365484476799999e-19
Cycle_145,1178.2329515199999,1128.7111732700005,1115.262236415,1.0460462093350003,1.0120608377100002,1.37437099932e-28,0,1.37437099932e-19
Cycle_146,2375.5006380999998,1699.3119963100005,1270.817409105,1.3467692890350003,1.4250758252426317,1.7390000399599999e-28,0,1.73900003996e-19
Cycle_147,6087.2268042846645,4779.5540762916226,4435.6543229758836,1.2542114263550002,1.0543141458900001,8.1340324449900001e-29,0,8.1340324449899995e-20
Cycle_148,6810.5869018846652,4668.6330596916214,4138.7231434258838,1.4723200918950361,1.2386278569526317,4.7682259160500002e-29,0,4.76822591605e-20
Cycle_149,1200.06101506,1079.2382308700005,860.25400607500001,1.1052388239250002,1.3371003390026315,3.6462904064e-29,0,3.6462904064e-20
Cycle_150,2230.76513221,1627.6920429300005,1213.141089595,1.3223271479150001,1.4265936418626315,4.4035968753699999e-28,0,4.4035968753699993e-19
Cycle_151,1262.43235785,1189.1860317700005,970.63756083499993,1.058952696925,1.3189463288026315,6.17064530311e-29,0,6.1706453031100003e-20
Cycle_152,1662.1110258199999,1678.0035594000005,1425.4481469350001,0.98362591614500006,1.2916759403226317,3.6462904064e-29,0,3.6462904064e-20
Cycle_153,6585.9975467746654,4684.7244757016215,4415.9601388058836,1.4150927074850361,1.0367924909100001,8.1340324449900001e-29,0,8.1340324449899995e-20
Cycle_154,1243.82395612,1256.9496965900005,1113.312113035,0.99486030075500009,1.2440696074926316,6.17064530311e-29,0,6.1706453031100003e-20
Cycle_155,1993.8551881600001,1765.2807714400005,1365.346106105,1.1062921789450002,1.3903421538026315,3.9267742838120001e-29,0,3.9267742838119997e-20
Cycle_156,6561.0732049946646,4740.7506819416212,4494.742448905884,1.3733066091450001,1.0310622024800002,3.1694678147600002e-28,0,3.1694678147599999e-19
Cycle_157,1372.5513711900001,1382.5101404400004,1169.678254275,0.99340170645500026,1.2899592777926316,5.8621130379100001e-28,0,5.8621130379099994e-19
Cycle_158,1086.3498336099999,1103.3656898300005,1015.5656240650001,0.99701273194500017,1.07241285223,8.1340324449900001e-29,0,8.1340324449899995e-20
Cycle_159,1299.2656734699999,1357.9961212600006,1191.624192795,0.96285165129500005,1.2547364957326315,1.06583873417e-28,0,1.06583873417e-19
Cycle_160,2223.8484872999998,1553.0163827300005,1140.324097485,1.3766470432550002,1.4402917535126316,1.54967342271e-28,0,1.5496734227100001e-19
Cycle_161,6787.1705199846647,4793.886386151622,4544.5919280558837,1.4248105552750361,1.0315913047700001,3.1694678147600002e-28,0,3.1694678147599999e-19
Cycle_162,1018.3093214,1051.1786811400004,992.81875554499993,0.98629205596500014,1.0492294771300001,5.3993146402199994e-29,0,5.3993146402200001e-20
Cycle_163,6245.6291256346649,5017.9121543816218,4605.8207481558838,1.2216971248250001,1.0680633542400002,8.1340324449900001e-29,0,8.1340324449899995e-20
Cycle_164,1373.08250563,1287.1833314100004,1004.711121175,1.0603560248150001,1.3664250686926316,5.8621130379100001e-28,0,5.8621130379099994e-19
Cycle_165,1625.76747778,1607.3160873600004,1285.025765335,1.0038454673850001,1.3517403822926315,2.8959960342800002e-28,0,2.8959960342799999e-19
Cycle_166,5672.3384688446649,4939.6741089516217,4364.158718105884,1.1187266523650001,1.2445135593326315,8.1340324449900001e-29,0,8.1340324449899995e-20
Cycle_167,6351.1000244146653,5079.5916814316224,4606.9657972458836,1.2274134215950001,1.2158773561626315,8.1340324449900001e-29,0,8.1340324449899995e-20
Cycle_168,7175.2941727646648,4904.0673618916226,4317.9302830558836,1.474675610385036,1.2481810657326315,1.652050037954e-27,0,1.6520500379540002e-18
Cycle_169,1702.54114495,1063.7319173400006,790.83871748499996,1.533249238125036,1.4037543262126315,2.3911250549400001e-28,0,2.3911250549400002e-19
Cycle_170,7159.5528201846646,4959.0266109016211,4444.6823777658838,1.4533631868250361,1.2283191489126315,3.1694678147600002e-28,0,3.1694678147599999e-19
Cycle_171,6753.3233265046647,5047.6947448516221,4697.9194825658842,1.3214497117950001,1.0531308204400001,1.37437099932e-28,0,1.37437099932e-19
Cycle_172,6356.4483543146653,5072.0348334416212,4732.0918627658839,1.2305800325550003,1.05066062111,5.8621130379100001e-28,0,5.8621130379099994e-19
Cycle_173,1657.56816557,891.40057612000055,787.64514425499999,1.7381857702250361,1.2362698107926315,3.1694678147600002e-28,0,3.1694678147599999e-19
Cycle_174,6722.255572934665,4987.8905343716215,4791.2357453458835,1.3323904589550002,1.0191126079800001,9.4523066687900008e-28,0,9.4523066687900003e-19
Cycle_175,6868.9755037146651,5046.1596529516228,4792.0478913958841,1.3464579495150002,1.0315582965000001,4.7682259160500002e-29,0,4.76822591605e-20
Cycle_176,6789.3341598246652,5068.3954860216218,4894.9410777558842,1.3230658205750001,1.0140291316100001,3.6462904064e-29,0,3.6462904064e-20
Cycle_177,7016.110194834665,4997.3099835116227,4824.0074580358842,1.4103847632750361,1.0140349260500001,2.15972585608e-28,0,2.15972585608e-19
Cycle_178,6846.8920768046646,5063.2433553616229,4899.3465718158841,1.3367410766750001,1.0120033256600001,4.4035968753699999e-28,0,4.4035968753699993e-19
Cycle_179,7358.3347410246652,5137.6379396016218,4813.5904872158835,1.4395395778250362,1.0465451035900002,1.37437099932e-28,0,1.37437099932e-19
Cycle_180,6047.2105410846652,5267.3248629316222,4778.5446837058835,1.1171710918750002,1.2167701352626317,4.4035968753699999e-28,0,4.4035968753699993e-19
